family,group,seed,phi,z_contact,N,E,d_cv,ov_med,frac_type2,G_eff,err_I1,lift,eta_g,eta_far,eta_rnd,rho_g,jaccard_g,share_gap,share_contact,share_bond,top20_share,H,frac_sat,engine_version,engine_variant,baseline_fp
phi_050,reference series,0,0.5000000000000003,3.6844444444444444,900,2835,0.0,0.0014051916716358193,0.0,0.00038854957754369486,8.881784197001252e-16,7.152489325601388,0.6642534338883783,0.09597292119330882,0.13981146346078877,0.3285488723238226,0.08108108108108109,0.1861693190482717,0.8138306809517283,0.0,0.05680080362709226,7.220381308021533,0.0,v4,holm,014d59a0d7b143ba
phi_050,reference series,1,0.5000000000000003,3.6955555555555555,900,2838,0.0,0.0016328958296224273,0.0,0.0003992132593000194,8.881784197001252e-16,7.759524282724318,0.6024677001571297,0.1045154830026209,0.12887387983647197,0.30320665640283084,0.1111111111111111,0.1968001665146091,0.8031998334853909,0.0,0.05709185132733915,7.229410585395693,0.0,v4,holm,014d59a0d7b143ba
phi_050,reference series,2,0.5000000000000003,3.6444444444444444,900,2841,0.0,0.0012930969174306916,0.0,0.0003695055298917752,7.771561172376096e-16,7.844769031685261,0.7428697505519837,0.053600764009562214,0.1274734789464125,0.31548305221410533,0.02564102564102564,0.1983433915527627,0.8016566084472374,0.0,0.06521567945983865,7.210491258943268,0.0,v4,holm,014d59a0d7b143ba
phi_055,reference series,0,0.5500000000000005,4.544444444444444,900,3135,0.0,0.00624647746654663,0.0,0.0006881349902863642,1.9984014443252818e-15,8.902533760226401,0.8029843243628825,0.06215965361384189,0.11232757178272908,0.2734894759804974,0.14285714285714285,0.10612700850718572,0.8938729914928143,0.0,0.05823237495724997,7.219033458256045,0.0,v4,holm,014d59a0d7b143ba
phi_055,reference series,1,0.5500000000000005,4.66,900,3165,0.0,0.006097827550090607,0.0,0.0006953054504853464,5.329070518200751e-15,7.05441314158817,0.3520963307953107,0.05477114139683084,0.14175523603865206,0.35380506000351253,0.08108108108108109,0.10681357796917464,0.8931864220308253,0.0,0.04685383718388274,7.304646733793456,0.0,v4,holm,014d59a0d7b143ba
phi_055,reference series,2,0.5500000000000005,4.582222222222223,900,3125,0.0,0.006577195841482819,0.0,0.0006982315793852787,7.771561172376096e-16,7.507220100222713,2.4714993608139406e-07,0.06683361025643778,0.1332050994442448,0.27879838329225043,0.0,0.09640960323225849,0.9035903967677414,0.0,0.05145382767499112,7.23364340720401,0.0,v4,holm,014d59a0d7b143ba
phi_060,reference series,0,0.6000000000000005,5.651111111111111,900,3514,0.0,0.01685368103677174,0.0,0.0011658229035501956,3.774758283725532e-15,5.21082900072431,0.313752370737496,0.05021550162967689,0.19190804377978998,0.3335726364757617,0.05263157894736842,0.05683811084625311,0.943161889153747,0.0,0.038891603955077444,7.415036450730446,0.0,v4,holm,014d59a0d7b143ba
phi_060,reference series,1,0.6000000000000005,5.471111111111111,900,3454,0.0,0.016316292255648523,0.0,0.0011643029198126615,2.220446049250313e-15,6.988068758926257,0.25227077572875134,0.06657393815304644,0.14310105330927708,0.3505844132843342,0.02564102564102564,0.059557365436583895,0.9404426345634159,0.0,0.04334743848691902,7.362912854537647,0.0,v4,holm,014d59a0d7b143ba
phi_060,reference series,2,0.6000000000000005,5.626666666666667,900,3479,0.0,0.016005254328372853,0.0,0.001217441716771071,2.220446049250313e-15,6.015503428126158,0.16558985813164792,0.05761620458426855,0.16623712577810001,0.40484107476450387,0.05263157894736842,0.05175908905128453,0.9482409109487154,0.0,0.03952314252298811,7.4177313201215265,0.0,v4,holm,014d59a0d7b143ba
phi_064,reference series,0,0.6400000000000007,6.357777777777778,900,3775,0.0,0.025830547248256862,0.0,0.0015695589109995522,1.9984014443252818e-15,5.949354981112252,0.1588327213200471,0.03880495779284901,0.16808544845193396,0.33858867151900307,0.02564102564102564,0.04339323683159841,0.9566067631684017,0.0,0.033788832380528974,7.502506710766466,0.0,v4,holm,014d59a0d7b143ba
phi_064,reference series,1,0.6400000000000007,6.235555555555556,900,3708,0.0,0.02369129492712476,0.0,0.0014571966776134788,0.0,6.849393739057051,0.4774229785252957,0.029201674520877005,0.14599832307752086,0.2766246417321649,0.05263157894736842,0.04728099417043366,0.9527190058295664,0.0,0.03837049688369787,7.449961426758575,0.0,v4,holm,014d59a0d7b143ba
phi_064,reference series,2,0.6400000000000007,6.2844444444444445,900,3708,0.0,0.026042224514745093,0.0,0.0015269399214475458,3.9968028886505635e-15,6.750776517575291,0.41555385194745664,0.06101909427358208,0.14813110719878708,0.301743224687211,0.05263157894736842,0.044429678412834184,0.9555703215871658,0.0,0.034555799120836006,7.478653131435639,0.0,v4,holm,014d59a0d7b143ba
bimodal_3to1,high loading,0,0.6600000000000006,4.355555555555555,900,3026,0.46774689538794956,0.011322386607663715,0.0,0.0013418038968014093,4.6629367034256575e-15,15.959156539360908,0.54176855491811,0.044240219490714716,0.06265995308296196,0.47612973120135954,0.17647058823529413,0.07932976230227944,0.9206702376977206,0.0,0.14718369631717684,6.623621984337277,0.0,v4,holm,014d59a0d7b143ba
bimodal_3to1,high loading,1,0.6600000000000006,4.455555555555556,900,3044,0.46774689538794956,0.01204262221641974,0.0,0.0013222355206220114,6.661338147750939e-16,20.298375811560362,0.16516393676854596,0.10989514417848815,0.04926502540318908,0.47721913653724035,0.1111111111111111,0.0931632192696543,0.9068367807303457,0.0,0.12984072466617017,6.74403334827548,0.0,v4,holm,014d59a0d7b143ba
bimodal_3to1,high loading,2,0.6600000000000006,4.357777777777778,900,3002,0.4677468953879495,0.011669556465817178,0.0,0.00133273542113219,2.220446049250313e-16,27.937444721337336,0.27073498330086665,0.07209069108810687,0.03579425426965573,0.4570142464896084,0.21212121212121213,0.09481477875130881,0.9051852212486913,0.0,0.15121099918989017,6.660541367731483,0.0,v4,holm,014d59a0d7b143ba
bimodal_5to1,high loading,0,0.7000000000000008,3.6355555555555554,900,2666,0.5522922865475245,0.011883880126055457,0.0,0.0015596145357289954,3.3306690738754696e-16,58.43039548169434,0.19242727258107753,0.10820385226172201,0.017114380139927172,0.2613473122369693,0.2903225806451613,0.12782131999494065,0.8721786800050594,0.0,0.46260285175649724,5.387068009917543,0.0,v4,holm,014d59a0d7b143ba
bimodal_5to1,high loading,1,0.7000000000000008,3.611111111111111,900,2676,0.5522922865475244,0.00918666869546545,0.0,0.0014679531930718607,1.4432899320127035e-15,42.35580181009143,0.4574088209035591,0.029702849427083036,0.023609516459720193,0.3590607439098347,0.25,0.10299312561227673,0.8970068743877233,0.0,0.3131346859383223,5.791103351434247,0.0,v4,holm,014d59a0d7b143ba
bimodal_5to1,high loading,2,0.7000000000000008,3.631111111111111,900,2637,0.5522922865475244,0.011324897538385104,0.0,0.00127510382403139,2.220446049250313e-15,56.61967274931947,0.24735425188769755,0.04086101731864158,0.0176617057542428,0.2929523207584876,0.25,0.1376008072903799,0.86239919270962,0.0,0.32948458562050376,5.714823500456473,0.0,v4,holm,014d59a0d7b143ba
poly_wide,high loading,0,0.6400000000000005,3.7311111111111113,900,2645,0.5726143618359486,0.011370278242355081,0.0,0.0012270162521430849,1.3322676295501878e-15,52.11673111863063,0.7275538457190605,0.02063026677037434,0.019187696130130483,0.49194784224945526,0.25,0.0804261027061988,0.9195738972938012,0.0,0.2758379332155013,6.078049684439513,0.0,v4,holm,014d59a0d7b143ba
poly_wide,high loading,1,0.6400000000000005,4.193333333333333,900,2817,0.5380311901526313,0.012620410000669047,0.0,0.001320044025364576,3.3306690738754696e-15,41.36482074074939,0.5647100375049244,0.020572206209468293,0.024175131962191204,0.5324763040779171,0.2903225806451613,0.07415272761943778,0.9258472723805623,0.0,0.15302624893515973,6.658745760695519,0.0,v4,holm,014d59a0d7b143ba
poly_wide,high loading,2,0.6400000000000007,4.06,900,2851,0.5319866138708416,0.01150901931059698,0.0,0.0012773685093622172,1.7763568394002505e-15,23.714830799669233,0.43962848259491155,0.12093542296105396,0.04216770545181152,0.5291680509161736,0.14285714285714285,0.10007430205433956,0.8999256979456604,0.0,0.12720806568409512,6.761652537855596,0.0,v4,holm,014d59a0d7b143ba
voided,poor dispersion,0,0.6000000000000005,5.637777777777778,900,3515,0.0,0.016126387754678007,0.0,0.0011609098479906756,2.220446049250313e-16,5.699547615590421,0.29620897509874966,0.0944369824786534,0.17545252140093037,0.3214366211907214,0.1111111111111111,0.05959721036678164,0.9404027896332182,0.0,0.04089916777619749,7.407771330414629,0.0,v4,holm,014d59a0d7b143ba
voided,poor dispersion,1,0.6000000000000005,5.6,900,3536,0.0,0.016343276893911973,0.0,0.0011777542481557779,1.1102230246251565e-15,6.303944703694144,0.30251886430578284,0.05444349782854389,0.15863083307409007,0.3804113767737521,0.08108108108108109,0.06265101733069466,0.9373489826693053,0.0,0.04053766740058251,7.432587443563692,0.0,v4,holm,014d59a0d7b143ba
voided,poor dispersion,2,0.6000000000000005,5.58,900,3478,0.0,0.0175281679340328,0.0,0.0011788979754902666,2.220446049250313e-16,6.361739038319256,0.2752512612527734,0.06325964438801104,0.15718972343514984,0.34448009024537646,0.0,0.055482877068685744,0.9445171229313143,0.0,0.04037590111271168,7.390759551690777,0.0,v4,holm,014d59a0d7b143ba
clustered,poor dispersion,0,0.6000000000000005,6.248888888888889,900,3834,0.0,0.02146819876689472,0.0,0.0014023586555134793,3.3306690738754696e-16,5.966961757754245,0.13208229198218124,0.06146366172018643,0.16758947695625334,0.42049075954669074,0.02564102564102564,0.05473141023997748,0.9452685897600226,0.0,0.0336197023089588,7.560449819533343,0.0,v4,holm,014d59a0d7b143ba
clustered,poor dispersion,1,0.6000000000000005,6.2155555555555555,900,3843,0.0,0.021400324227581535,0.0,0.0014019442884892549,2.220446049250313e-15,6.0697298730736495,0.3937212892185655,0.03402483908798369,0.1647519775857192,0.42361082857667914,0.05263157894736842,0.0548486994455457,0.9451513005544543,0.0,0.03652605774086096,7.545622153755892,0.0,v4,holm,014d59a0d7b143ba
clustered,poor dispersion,2,0.6000000000000005,6.295555555555556,900,3853,0.0,0.02299063978744975,0.0,0.0014361995112782907,2.220446049250313e-15,7.629869126775043,0.3011606976746266,0.04722362464929114,0.13106384701813034,0.42088406365545894,0.05263157894736842,0.05094859993417129,0.9490514000658287,0.0,0.03969916099276338,7.5438572947961156,0.0,v4,holm,014d59a0d7b143ba
stratified,process segregation,0,0.6000000000000005,5.328888888888889,900,3397,0.0,0.015026704376410205,0.0,0.0007428966089112954,3.3306690738754696e-16,15.636507184261886,1.4674954965117894e-07,0.047980843242956074,0.06395290125959191,-0.0982193081771109,0.0,0.10152755204113646,0.8984724479588634,0.0,0.10449644430366775,6.981954664976756,0.0,v4,holm,014d59a0d7b143ba
stratified,process segregation,1,0.6000000000000005,5.373333333333333,900,3400,0.0,0.01722361053901551,0.0,0.0008183012041822505,1.1102230246251565e-16,16.337087128757698,8.282545556347399e-08,0.013349524428037097,0.061210422159023024,-0.05613179246000648,0.0,0.09308243244588528,0.9069175675541147,0.0,0.09914376374851464,7.037489632777746,0.0,v4,holm,014d59a0d7b143ba
stratified,process segregation,2,0.6000000000000005,5.42,900,3381,0.0,0.01870963311474334,0.0,0.0008050032781066813,1.2212453270876722e-15,16.56133915647337,2.598610319209527e-08,0.02283162975036663,0.060381590555684476,-0.0760240103753146,0.0,0.08533937404110117,0.9146606259588989,0.0,0.10305664095766273,6.96171941533873,0.0,v4,holm,014d59a0d7b143ba
segregated,process segregation,0,0.6600000000000006,3.937777777777778,900,2731,0.46774689538794956,0.016335043451640628,0.0,0.0003235221074147209,1.1102230246251565e-15,95.99502718484267,0.0001521313293585077,0.004413376524718095,0.01041720627959671,0.2994950611339711,0.0,0.17325763208147665,0.8267423679185233,0.0,0.40650866854908857,5.3220279837631175,0.0,v4,holm,014d59a0d7b143ba
segregated,process segregation,1,0.6600000000000006,4.206666666666667,900,2846,0.46774689538794956,0.020226558364909674,0.0,0.00045119897836812283,2.220446049250313e-16,137.18319743453227,0.0029533374832673392,0.004545492611465483,0.007289522468502226,0.290037302761639,0.0,0.12241570155341774,0.8775842984465823,0.0,0.39516046816061307,5.4566926155985715,0.0,v4,holm,014d59a0d7b143ba
segregated,process segregation,2,0.6600000000000006,4.051111111111111,900,2796,0.46774689538794956,0.01844772223169091,0.0,0.0003063291666658219,1.1102230246251565e-15,63.196808706604834,0.0004880426241090569,0.0032113408482489824,0.015823583824344088,0.30891575911177815,0.0,0.181175621547011,0.818824378452989,0.0,0.3605433178050113,5.3642986862767685,0.0,v4,holm,014d59a0d7b143ba
fiber_z,anisotropy,0,0.6960000000000007,6.203065134099617,1044,4793,1.6493059200777426e-16,0.023683015667551023,0.13793103448275862,0.003558863513990515,3.552713678800501e-15,38.26511144059103,0.14152816425180204,0.0012648119983985136,0.02613346629220099,0.3761179920432929,0.08108108108108109,0.04726617410042577,0.6750683920268151,0.27766543387275916,0.16798180789497663,6.999393508904834,0.0,v4,holm,014d59a0d7b143ba
fiber_z,anisotropy,1,0.6960000000000007,6.329501915708812,1044,4892,1.6493059200777426e-16,0.02152476971416508,0.13793103448275862,0.0032577774641084473,1.7763568394002505e-15,76.14673808857778,0.08323543033323476,0.007585468808015,0.013132538899259858,0.3238929237551207,0.02564102564102564,0.054897430505497495,0.6904290807224689,0.25467348877203366,0.1908386348185484,6.809424396748589,0.0,v4,holm,014d59a0d7b143ba
fiber_z,anisotropy,2,0.6960000000000007,6.505747126436781,1044,4872,1.6493059200777426e-16,0.023658776115919,0.13793103448275862,0.003926819750558912,2.220446049250313e-16,58.4852412056825,0.03577760353856653,0.0037676522282722876,0.017098330782003148,0.366746908784296,0.08108108108108109,0.03278475184098182,0.6114604646144808,0.3557547835445372,0.22642040846025224,6.732523624659999,0.0,v4,holm,014d59a0d7b143ba
fiber_xy,anisotropy,0,0.6960000000000007,6.471264367816092,1044,4871,1.6493059200777426e-16,0.02333855950225443,0.13793103448275862,0.0016735328752777467,5.551115123125783e-16,11.48071203724728,0.006406624165514979,0.02675570528889602,0.08710261147180286,0.23185827305902723,0.0,0.0562326961241023,0.933265472647801,0.010501831228096576,0.04687888019223653,7.524458268346768,0.0,v4,holm,014d59a0d7b143ba
fiber_xy,anisotropy,1,0.6960000000000007,6.2988505747126435,1044,4840,1.6493059200777426e-16,0.0210300852558432,0.13793103448275862,0.0016421392617315116,1.1102230246251565e-15,14.597147074244829,0.007224918763079124,0.023152494297988793,0.0685065372646959,0.23906221731880067,0.0,0.060866341911981446,0.9306542654291053,0.008479392658913228,0.05348893670222638,7.477621107509293,0.0,v4,holm,014d59a0d7b143ba
fiber_xy,anisotropy,2,0.6960000000000007,6.319923371647509,1044,4811,1.6493059200777426e-16,0.022300959437357902,0.13793103448275862,0.0016429839916080066,3.4416913763379853e-15,19.000495518451498,0.004043405746333229,0.022179585874807787,0.05263020635587603,0.21207037558124292,0.0,0.06181774156496929,0.9278298280306925,0.010352430404338284,0.05498194767701343,7.518104672075815,0.0,v4,holm,014d59a0d7b143ba
coat_mix,non-uniform treatment,0,0.6000000000000005,5.506666666666667,900,3482,0.0,0.015469925188362054,0.3,0.0007107907768419901,3.3306690738754696e-16,7.914657750392715,0.19275894832596513,0.04788096444136891,0.12634785123214978,0.37837991774551716,0.0,0.0792616979061851,0.920738302093815,0.0,0.054787101839448904,7.324570784961562,0.0,v4,holm,014d59a0d7b143ba
coat_mix,non-uniform treatment,1,0.6000000000000005,5.615555555555556,900,3501,0.0,0.015697283681026873,0.3,0.0007291978193133765,1.3322676295501878e-15,8.565767842465508,0.21338393567078343,0.045925459620035636,0.11674376639563082,0.36299196632754976,0.02564102564102564,0.0756476909172072,0.9243523090827928,0.0,0.05159581758389449,7.341805015659023,0.0,v4,holm,014d59a0d7b143ba
coat_mix,non-uniform treatment,2,0.6000000000000005,5.562222222222222,900,3508,0.0,0.015427992946502656,0.3,0.0006997469056486693,1.7763568394002505e-15,8.711853884416543,0.2291274357110557,0.0338579044504791,0.11478613085887089,0.3829193656886348,0.02564102564102564,0.0851011219078713,0.9148988780921287,0.0,0.05586192435401578,7.3404261722488595,0.0,v4,holm,014d59a0d7b143ba
strat_025,segregation strength,0,0.6000000000000005,5.402222222222222,900,3476,0.0,0.014512671413231893,0.0,0.0010462191259882627,2.220446049250313e-15,9.543464115491062,2.0782807661486705e-07,0.03620058913667003,0.10478375439970358,0.2296062844136067,0.0,0.07702688228894473,0.9229731177110552,0.0,0.05881363928843508,7.2994931929094555,0.0,v4,holm,014d59a0d7b143ba
strat_025,segregation strength,1,0.6000000000000005,5.46,900,3455,0.0,0.015401857375526084,0.0,0.0010761256116021201,1.5543122344752192e-15,7.772021639724298,1.1299340057301881e-06,0.03771167131512085,0.12866665152973938,0.24291938361697302,0.0,0.061260535370977885,0.938739464629022,0.0,0.051641368275392695,7.338202628186343,0.0,v4,holm,014d59a0d7b143ba
strat_025,segregation strength,2,0.6000000000000005,5.522222222222222,900,3486,0.0,0.015588749280485103,0.0,0.0009917626744747774,1.7763568394002505e-15,8.14683155469364,4.463233764286137e-07,0.038876768639007984,0.12274710644089228,0.11468765282077811,0.0,0.07041485068606776,0.9295851493139323,0.0,0.05657781137632756,7.290250309298866,0.0,v4,holm,014d59a0d7b143ba
strat_055,segregation strength,0,0.6000000000000005,5.344444444444444,900,3377,0.0,0.01742189850668314,0.0,0.0007844404224588571,1.9984014443252818e-15,17.4216885764409,1.0778199162575271e-07,0.03447498059433086,0.057399717347277446,-0.06443668178857173,0.0,0.08569653031616872,0.9143034696838314,0.0,0.12401403068311599,6.920746639922078,0.0,v4,holm,014d59a0d7b143ba
strat_055,segregation strength,1,0.6000000000000005,5.448888888888889,900,3460,0.0,0.01774674551391957,0.0,0.0007005647887816979,1.9984014443252818e-15,17.529675806252108,3.392985603573693e-08,0.017750577465228772,0.05704612059301984,-0.0980871384864579,0.0,0.10256218433380432,0.8974378156661956,0.0,0.1142708186440326,6.8637233879708095,0.0,v4,holm,014d59a0d7b143ba
strat_055,segregation strength,2,0.6000000000000005,5.315555555555555,900,3327,0.0,0.016222674929297833,0.0,0.0007434695806362601,2.886579864025407e-15,16.88244721540825,1.580506395405686e-08,0.01159335586833699,0.059233118708484474,-0.09794736677041413,0.0,0.0956754833896955,0.9043245166103046,0.0,0.106443041816193,6.907275239406466,0.0,v4,holm,014d59a0d7b143ba
strat_100,segregation strength,0,0.6000000000000005,5.808888888888889,900,3607,0.0,0.023058987854515413,0.0,0.00043173778086927806,1.2212453270876722e-15,33.0545951650023,5.1962964038165105e-09,0.013078602022002634,0.03025297980532476,-0.2614737792864783,0.0,0.1482350320975406,0.8517649679024594,0.0,0.2130789559166452,6.213625177441017,0.0,v4,holm,014d59a0d7b143ba
strat_100,segregation strength,1,0.6000000000000005,5.535555555555556,900,3509,0.0,0.018797607709061737,0.0,0.0005477687449741879,1.5543122344752192e-15,24.594544395687688,6.778496210606576e-09,0.033265935427289256,0.0406594236474385,-0.18488249353289915,0.0,0.1296591070152941,0.8703408929847058,0.0,0.15327229061421216,6.604646353026741,0.0,v4,holm,014d59a0d7b143ba
strat_100,segregation strength,2,0.6000000000000005,5.764444444444444,900,3556,0.0,0.02087534892542946,0.0,0.00046862889153583465,1.7763568394002505e-15,39.742678715137515,1.2594381667948043e-08,0.004614474974248318,0.025161867099288197,-0.23354966333297086,0.0,0.15783029677405816,0.8421697032259419,0.0,0.21056198076005694,6.319734636904832,0.0,v4,holm,014d59a0d7b143ba
strat_180,segregation strength,0,0.6000000000000005,6.5488888888888885,900,4267,0.0,0.04036773835177669,0.0,0.0001369750433813574,2.3314683517128287e-15,133.75956821529493,1.360941276468546e-11,0.0012148021243960434,0.007476100688291946,-0.27983970736621117,0.0,0.22791492263845034,0.7720850773615495,0.0,0.5434468907208957,4.716766926133811,0.0,v4,holm,014d59a0d7b143ba
strat_180,segregation strength,1,0.6000000000000005,6.742222222222222,900,4290,0.0,0.040627059750794545,0.0,0.00013027366481228734,2.6645352591003757e-15,359.89447893997,7.37446499876776e-10,0.007749413287952215,0.0027785922222129974,-0.31104555935391914,0.0,0.3006734033549359,0.6993265966450641,0.0,0.5329497980384352,4.733621356361381,0.0,v4,holm,014d59a0d7b143ba
strat_180,segregation strength,2,0.6000000000000005,6.3133333333333335,900,4040,0.0,0.03753985131039137,0.0,0.00023559842421345584,3.552713678800501e-15,84.96394997309208,1.3146575189254146e-09,0.0008026491396021353,0.011769697622541066,-0.34230175649415967,0.0,0.20516559054999858,0.7948344094500014,0.0,0.36162834492490903,5.461403569357382,0.0,v4,holm,014d59a0d7b143ba
seg_000,segregation strength,0,0.6600000000000006,4.264444444444444,900,2979,0.46774689538794956,0.012109850727080484,0.0,0.0013345731958496415,3.3306690738754696e-16,26.73254060829192,0.0947863469738206,0.02912813229293196,0.03740759303999035,0.45334934564533447,0.1111111111111111,0.09419153985567431,0.9058084601443257,0.0,0.15869188459432806,6.604476219744342,0.0,v4,holm,014d59a0d7b143ba
seg_000,segregation strength,1,0.6600000000000006,4.3822222222222225,900,2968,0.4677468953879495,0.011419769747459263,0.0,0.0013154750312257821,3.1086244689504383e-15,17.98005073796955,0.8120310947891527,0.038273423449696996,0.055617195667209116,0.46754700822843825,0.25,0.08819744448990083,0.9118025555100993,0.0,0.13178064167251835,6.634150925705552,0.0,v4,holm,014d59a0d7b143ba
seg_000,segregation strength,2,0.6600000000000006,4.362222222222222,900,3001,0.46774689538794956,0.012054772995502639,0.0,0.0013831825571530417,8.881784197001252e-16,24.86096032480923,0.35689403655112256,0.06825350927222709,0.04022370764986422,0.4715186689682331,0.25,0.09237846413390678,0.9076215358660931,0.0,0.16101411623761175,6.672553460179803,0.0,v4,holm,014d59a0d7b143ba
seg_033,segregation strength,0,0.6600000000000006,4.877777777777778,900,3242,0.46774689538794956,0.015334569756364935,0.0,0.001025737942275666,3.552713678800501e-15,28.666115819605118,0.08996258558829506,0.028876194372789328,0.03488439125457267,0.40632630139970005,0.02564102564102564,0.0874333954305109,0.9125666045694892,0.0,0.18757057092766566,6.329104046790274,0.0,v4,holm,014d59a0d7b143ba
seg_033,segregation strength,1,0.6600000000000006,4.788888888888889,900,3272,0.46774689538794956,0.014151884485497312,0.0,0.0011059829350874076,4.440892098500626e-16,36.4002239596189,0.05834864417661533,0.03778154028686365,0.02747235844233717,0.42962050783199757,0.0,0.0930022499468428,0.9069977500531571,0.0,0.1485781542133411,6.515426948122925,0.0,v4,holm,014d59a0d7b143ba
seg_033,segregation strength,2,0.6600000000000006,4.931111111111111,900,3325,0.46774689538794956,0.015349101436637192,0.0,0.0009538316691553684,4.440892098500626e-16,38.984230762567506,0.027968877768434763,0.032488301948419604,0.025651397512252462,0.42786975941774646,0.0,0.08820875681604555,0.9117912431839544,0.0,0.21787745724379343,6.281906717746852,0.0,v4,holm,014d59a0d7b143ba
seg_067,segregation strength,0,0.6600000000000006,4.782222222222222,900,3230,0.46774689538794956,0.01739487924114993,0.0,0.00028534146112491277,6.661338147750939e-16,328.11360356980157,0.0007018146075338118,0.0006798500388335241,0.003047724901132495,0.39641419730977,0.0,0.0797872487259274,0.9202127512740726,0.0,0.7069735235901752,4.1652436313148815,0.0,v4,holm,014d59a0d7b143ba
seg_067,segregation strength,1,0.6600000000000006,4.806666666666667,900,3189,0.46774689538794956,0.019211362134834965,0.0,0.00012801768971163792,8.881784197001252e-16,401.0388171405465,0.0016971910301973338,0.0003647929276026425,0.0024935242107737014,0.3600043244090324,0.0,0.1048646152451951,0.8951353847548051,0.0,0.7125127255954788,4.034932750558463,0.0,v4,holm,014d59a0d7b143ba
seg_067,segregation strength,2,0.6600000000000006,4.915555555555556,900,3231,0.46774689538794956,0.01794129772162738,0.0,7.309077767173915e-05,1.1102230246251565e-15,194.86098014091593,0.0006808396960663315,0.0002601051409203381,0.005131863748590604,0.3693355161144545,0.0,0.3489299362312563,0.6510700637687437,0.0,0.7840010211426485,3.657512894253328,0.0,v4,holm,014d59a0d7b143ba
seg_100,segregation strength,0,0.6600000000000006,4.006666666666667,900,2776,0.46774689538794956,0.018572077335883907,0.0,0.0002508391728845405,2.220446049250313e-16,75.97315882700588,0.00028175682395648673,0.0006944011335297819,0.013162543396109708,0.25099731986650464,0.0,0.3453883366320897,0.6546116633679102,0.0,0.4208646262680689,5.225758153704641,0.0,v4,holm,014d59a0d7b143ba
seg_100,segregation strength,1,0.6600000000000006,4.1755555555555555,900,2817,0.46774689538794956,0.02026456266489953,0.0,0.0002511065395653064,2.220446049250313e-16,198.86649756584993,0.001459304248898567,0.0015300499455632608,0.005028499079735006,0.26860965108174495,0.0,0.2116772466824636,0.7883227533175364,0.0,0.4397130789078143,5.115338581718528,0.0,v4,holm,014d59a0d7b143ba
seg_100,segregation strength,2,0.6600000000000006,3.868888888888889,900,2660,0.46774689538794956,0.018304884696768033,0.0,0.00034419166099684714,3.552713678800501e-15,244.96273341102022,0.0007661379031808378,0.001184504488070713,0.004082253598640701,0.3121447727667667,0.0,0.14315356578545949,0.8568464342145405,0.0,0.5369021998423685,4.771221599193734,0.0,v4,holm,014d59a0d7b143ba
jittered_ref,legacy baseline,0,0.37099613617479377,2.1776061776061777,1036,2524,0.020445793681251507,0.05493893672657011,0.006756756756756757,9.663337530908377e-05,2.55351295663786e-15,10.156153113508815,0.05315516785939834,0.20649848158121742,0.09846247775349985,0.03487241103825329,0.02564102564102564,0.5046950370295584,0.4953049629704415,0.0,0.09539357495154287,6.956423779551381,0.0,v4,holm,014d59a0d7b143ba
jittered_ref,legacy baseline,1,0.3737346949842481,2.1539942252165543,1039,2534,0.020416554754624817,0.05489009264358256,0.006737247353224254,0.00010306419887841165,1.5543122344752192e-15,11.66477019340595,0.05856040462925921,0.13880478772879634,0.08572822125251094,0.06523848633921248,0.02564102564102564,0.48507793502980173,0.5149220649701982,0.0,0.09032026136360288,6.971225050715422,0.0,v4,holm,014d59a0d7b143ba
jittered_ref,legacy baseline,2,0.3747704005929999,2.2058252427184466,1030,2474,0.020504650349445146,0.05296362916290196,0.006796116504854369,0.00010375465449328141,3.9968028886505635e-15,10.963879697477354,0.06954971199542519,0.14932898670970904,0.09120858925787802,0.07759585502957926,0.0,0.4463931092569371,0.5536068907430629,0.0,0.09985864985032444,6.9007380944757815,0.0,v4,holm,014d59a0d7b143ba
