family,label,filler,matrix,treat,seed,phi,z_contact,n_edges,frac_overlap,n_contact,n_gap,n_bond,G_eff,tau_G2_C,tau_G1_C,rho_G2_C,nbars_G1,maxpers_G1,tstar_G1,crit_G1,critrank_G1,nbars_G2,maxpers_G2,tstar_G2,crit_G2,critrank_G2,nbars_C,maxpers_C,tstar_C,crit_C,critrank_C,crit_same_G2_C,crit_same_G1_C,pair_jaccard_G2_C,pair_same_G2_C,nbars_abs,maxpers_abs,ncomp_end,pair_jac_abs_rel,diag_same_abs_rel,diag_maxdiff_abs_rel,eng_nbars_rel,eng_maxpers_rel,eng_medpers_rel,eng_tstar_rel,eng_nbars_leg,eng_maxpers_leg,eng_medpers_leg,eng_tstar_leg,engine_version,engine_variant,baseline_fp
phi_060,"monodisperse, single material",AlN,epoxy,untreated,0,0.6000000000000005,5.651111111111111,3514,0.7236767216846898,2543,971,0,0.0033756716493647224,1.0,0.6901803568535431,0.9999999999999999,901,1.0,0.0,"(58, 538)",1258,901,20.235295394776088,19.235295394776088,"(107, 242)",102,901,4.338903648237606,3.338903648237606,"(107, 242)",102,1,0,1.0,1,901,4.338903648237606,1,0.8313008130081301,1,0.0,901,3.1700733437914264,0.0,4.187376406693778,535,0.1023791143607326,0.0,4.187376406693778,v4,holm,014d59a0d7b143ba
phi_060,"monodisperse, single material",AlN,epoxy,untreated,1,0.6000000000000005,5.471111111111111,3454,0.7127967573827446,2462,992,0,0.003414339566399037,1.0,0.701412909439408,0.9999999999999999,901,1.0,0.0,"(92, 237)",614,901,20.221044214915924,19.221044214915924,"(23, 792)",699,901,4.334386868494768,3.3343868684947684,"(23, 792)",699,1,0,1.0,1,901,4.334386868494768,1,0.8220424671385238,1,0.0,901,3.2134715849983286,0.0,4.5161284319083785,587,0.10566871248872362,0.0,4.5161284319083785,v4,holm,014d59a0d7b143ba
phi_064,"monodisperse, single material (high loading)",AlN,epoxy,untreated,0,0.6400000000000007,6.357777777777778,3775,0.7578807947019868,2861,914,0,0.005065179199206232,1.0,0.6524303200418325,1.0,901,1.0,0.0,"(80, 307)",200,901,19.97091854039114,18.97091854039114,"(8, 793)",75,901,4.267821056524761,3.267821056524762,"(8, 793)",75,1,0,1.0,1,901,4.267821056524761,1,0.8275862068965517,1,0.0,901,3.186299918795891,0.0,3.994149178104676,482,0.1227287693670685,0.0,3.994149178104676,v4,holm,014d59a0d7b143ba
phi_064,"monodisperse, single material (high loading)",AlN,epoxy,untreated,1,0.6400000000000007,6.235555555555556,3708,0.7567421790722761,2806,902,0,0.004614353621213185,1.0,0.6537514303995553,1.0,901,1.0,0.0,"(63, 430)",1344,901,19.613635212314293,18.613635212314293,"(183, 569)",155,901,4.199851852661194,3.1998518526611943,"(183, 569)",155,1,0,1.0,1,901,4.199851852661194,1,0.8202020202020202,1,0.0,901,3.2267815328815908,0.0,3.902561074613353,533,0.10610492241841858,0.0,3.902561074613353,v4,holm,014d59a0d7b143ba
bimodal_3to1,bimodal 3:1 (CV 0.47),AlN,epoxy,untreated,0,0.6600000000000006,4.355555555555555,3026,0.6477197620621282,1960,1066,0,0.004308779850964532,0.2612784591579609,0.6930134004085715,0.13318845215366298,901,1.0,0.0,"(114, 486)",472,901,14.599762481291563,13.599762481291563,"(92, 598)",2081,901,4.079705431944628,3.079705431944628,"(18, 286)",13,0,0,0.3958171959721146,0,901,4.079705431944628,1,0.835030549898167,1,0.0,901,3.430758891254731,0.0,4.796030661667909,730,3.430758891254731,0.0,4.796030661667909,v4,holm,014d59a0d7b143ba
bimodal_3to1,bimodal 3:1 (CV 0.47),AlN,epoxy,untreated,1,0.6600000000000006,4.455555555555556,3044,0.6586727989487516,2005,1039,0,0.004050458684002999,0.2690921017289703,0.6811332027611114,0.15164879187219338,901,1.0,0.0,"(83, 252)",15,901,14.57613132504313,13.57613132504313,"(140, 335)",1159,901,4.057743759156524,3.0577437591565237,"(79, 247)",69,0,0,0.3630862329803328,0,901,4.057743759156524,1,0.8313008130081301,1,0.0,901,3.383938061657543,0.0,5.335787117920147,717,3.383938061657543,0.0,5.335787117920147,v4,holm,014d59a0d7b143ba
bimodal_5to1,bimodal 5:1 (CV 0.55),AlN,epoxy,untreated,0,0.7000000000000008,3.6355555555555554,2666,0.6136534133533383,1636,1030,0,0.005585715595731602,0.46671036440143854,0.6907533983068553,0.3969544352633798,897,1.641246370989652,0.0,"(56, 422)",710,897,25.857042344680842,12.504165977228464,"(137, 642)",1817,897,4.035078010127704,3.0350780101277044,"(117, 218)",17,0,0,0.5848056537102474,0,897,4.035078010127704,5,0.762278978388998,1,0.0,897,3.646492103661207,0.0,5.374492093824854,687,3.646492103661207,0.0,5.374492093824854,v4,holm,014d59a0d7b143ba
bimodal_5to1,bimodal 5:1 (CV 0.55),AlN,epoxy,untreated,1,0.7000000000000008,3.611111111111111,2676,0.6072496263079222,1625,1051,0,0.004850243573224114,0.4553338856072023,0.7036682825270592,0.3695652304328978,899,1.0,0.0,"(48, 179)",2,899,25.487888154647607,12.615433891139723,"(240, 837)",550,899,4.05244600920653,3.052446009206531,"(599, 885)",18,0,0,0.5634782608695652,0,899,4.05244600920653,3,0.7731755424063116,1,0.0,899,3.747357140189123,0.0,4.964744517725661,704,0.19763325482521513,0.0,4.964744517725661,v4,holm,014d59a0d7b143ba
poly_wide,wide continuous distribution (CV 0.51),AlN,epoxy,untreated,0,0.6400000000000005,3.7311111111111113,2645,0.6347826086956522,1679,966,0,0.004183716219852485,-0.21391773362808825,0.645256567797142,-0.2971016989445847,890,1.731886644325229,0.0,"(93, 193)",292,890,28.090773972440694,15.27169501436905,"(60, 707)",1976,890,4.096478830460649,3.0964788304606485,"(149, 598)",648,0,0,0.25,0,890,4.096478830460649,12,0.8541666666666666,1,0.0,890,3.7540887653137025,0.0,5.3984186418902,733,0.5861339649404165,0.0,5.3984186418902,v4,holm,014d59a0d7b143ba
poly_wide,wide continuous distribution (CV 0.51),AlN,epoxy,untreated,1,0.6400000000000005,4.193333333333333,2817,0.6698615548455804,1887,930,0,0.0042673477259390635,-0.2177374786200665,0.6358472076188962,-0.2991324796084271,897,1.0,0.0,"(70, 207)",1365,897,20.153458331973763,14.232653423212101,"(214, 409)",1354,897,4.027958310108802,3.0279583101088017,"(405, 676)",39,0,0,0.23553719008264462,0,897,4.027958310108802,5,0.84,1,0.0,897,3.3885938964775857,0.0,5.455165784236959,786,3.3885938964775857,0.0,5.455165784236959,v4,holm,014d59a0d7b143ba
coat_mix,30% low-kappa coated particles,AlN,epoxy,untreated,0,0.6000000000000005,5.506666666666667,3482,0.7116599655370477,2478,1004,0,0.0015795906676789007,0.6876319318410388,0.6482117970117255,0.8022045335712467,901,1.0,0.0,"(113, 860)",3060,901,19.724269135340517,18.724269135340517,"(153, 771)",988,901,4.427333783352646,3.427333783352646,"(217, 376)",188,0,0,0.621962196219622,0,901,4.427333783352646,1,0.8238866396761133,1,0.0,901,3.299750762460256,0.0,4.68328860286552,527,0.8730650328295824,0.0,4.68328860286552,v4,holm,014d59a0d7b143ba
coat_mix,30% low-kappa coated particles,AlN,epoxy,untreated,1,0.6000000000000005,5.615555555555556,3501,0.7217937732076549,2527,974,0,0.0016297547248914882,0.6801491818664056,0.636483824441943,0.795277985844299,901,1.0,0.0,"(89, 895)",2797,901,20.078939167401803,19.078939167401803,"(371, 382)",1085,901,4.371112863406859,3.371112863406859,"(124, 576)",163,0,0,0.603202846975089,0,901,4.371112863406859,1,0.8238866396761133,1,0.0,901,3.240448374080234,0.0,4.762526095527268,581,0.3305802199995784,0.0,4.762526095527268,v4,holm,014d59a0d7b143ba
clustered,agglomerated,AlN,epoxy,untreated,0,0.6000000000000005,6.248888888888889,3834,0.7334376630151278,2812,1022,0,0.004303337734409471,0.9999999999999998,0.679794234084948,0.9999999999999998,901,1.0,0.0,"(70, 273)",802,901,20.005611480301088,19.005611480301088,"(345, 727)",792,901,4.275859764235872,3.2758597642358724,"(345, 727)",792,1,0,1.0,1,901,4.275859764235872,1,0.8482051282051282,1,0.0,901,3.191986514196391,0.0,4.043354274577974,493,0.1468446258218595,0.0,4.043354274577974,v4,holm,014d59a0d7b143ba
clustered,agglomerated,AlN,epoxy,untreated,1,0.6000000000000005,6.2155555555555555,3843,0.7278168097840229,2797,1046,0,0.004311311509816932,1.0,0.6858091957334748,1.0,901,1.0,0.0,"(68, 788)",728,901,19.89441271556257,18.89441271556257,"(15, 608)",114,901,4.251157204657044,3.2511572046570443,"(15, 608)",114,1,0,1.0,1,901,4.251157204657044,1,0.8539094650205762,1,0.0,901,3.184854354657419,0.0,4.118037536388623,516,0.1161768994686407,0.0,4.118037536388623,v4,holm,014d59a0d7b143ba
voided,spherical void,AlN,epoxy,untreated,0,0.6000000000000005,5.637777777777778,3515,0.7217638691322902,2537,978,0,0.0033682544943200747,0.9999999999999998,0.692180659934691,1.0,901,1.0,0.0,"(78, 255)",469,901,19.822490598617833,18.822490598617833,"(52, 466)",37,901,4.236673947060364,3.236673947060364,"(52, 466)",37,1,0,1.0,1,901,4.236673947060364,1,0.8128772635814889,1,0.0,901,3.1506707039941912,0.0,4.529297495944888,599,0.12291735397663862,0.0,4.529297495944888,v4,holm,014d59a0d7b143ba
voided,spherical void,AlN,epoxy,untreated,1,0.6000000000000005,5.6,3536,0.7126696832579186,2520,1016,0,0.003434495135032278,1.0,0.7015410533027343,0.9999999999999999,901,1.0,0.0,"(82, 581)",2657,901,20.21693310280516,19.21693310280516,"(254, 489)",406,901,4.333101547693338,3.333101547693338,"(254, 489)",406,1,0,1.0,1,901,4.333101547693338,1,0.8294416243654822,1,0.0,901,3.2593958548581012,0.0,4.17874072927961,530,0.1213279544125756,0.0,4.17874072927961,v4,holm,014d59a0d7b143ba
stratified,stratified,AlN,epoxy,untreated,0,0.6000000000000005,5.328888888888889,3397,0.7059169855755077,2398,999,0,0.0017541527651573651,0.9999999999999998,0.7083377299611713,1.0,901,1.0,0.0,"(131, 333)",105,901,20.66035161508458,19.66035161508458,"(413, 720)",37,901,4.548628002296437,3.5486280022964367,"(413, 720)",37,1,0,1.0,1,901,4.548628002296437,1,0.7,1,0.0,901,3.7138025043109915,0.0,4.672268743140157,655,0.12296745652167466,0.0,4.672268743140157,v4,holm,014d59a0d7b143ba
stratified,stratified,AlN,epoxy,untreated,1,0.6000000000000005,5.373333333333333,3400,0.7111764705882353,2418,982,0,0.0020500100358190766,0.9999999999999998,0.7030565116284537,1.0,901,1.0,0.0,"(89, 171)",36,901,20.018302649002678,19.018302649002678,"(422, 565)",70,901,4.278882272496656,3.2788822724966553,"(422, 565)",70,1,0,1.0,1,901,4.278882272496656,1,0.724401913875598,1,0.0,901,3.4448803938959784,0.0,4.636443163068606,640,0.10378450991572297,0.0,4.636443163068606,v4,holm,014d59a0d7b143ba
fiber_z,fibres along the heat flow,AlN,epoxy,untreated,0,0.6960000000000007,6.203065134099617,4793,0.7006050490298352,3238,1435,120,0.0075654254126002185,0.9878191888192087,0.713799783025644,0.9973279872921906,1045,1.0,0.0,"(83, 328)",2736,1045,17.771779771833284,16.771779771833284,"(203, 997)",1797,1045,3.9219334512701165,2.9219334512701165,"(37, 1023)",3573,0,0,0.7666948436179205,0,1045,3.9219334512701165,1,0.8462897526501767,1,0.0,1045,3.3942597402392187,0.0,4.184625392021473,563,0.12751362943687897,0.0,4.184625392021473,v4,holm,014d59a0d7b143ba
fiber_z,fibres along the heat flow,AlN,epoxy,untreated,1,0.6960000000000007,6.329501915708812,4892,0.6999182338511856,3304,1468,120,0.006862730930910913,0.987931351592091,0.7144549691610286,0.9973348815789846,1045,1.0,0.0,"(115, 655)",726,1045,18.868416015800406,17.868416015800406,"(711, 960)",3,1045,4.107428252616901,3.1074282526169013,"(711, 960)",3,1,0,0.7666948436179205,0,1045,4.107428252616901,1,0.8414096916299559,1,0.0,1045,3.579754541586003,0.0,4.358759432786681,614,0.17055473186804457,0.0,4.358759432786681,v4,holm,014d59a0d7b143ba
phi_060,"monodisperse, low-kappa filler",SiO2,epoxy,untreated,0,0.6000000000000005,5.651111111111111,3514,0.7236767216846898,2543,971,0,0.00018047726620974485,1.0,0.6901803568535431,0.9999999999999999,901,1.0,0.0,"(58, 538)",1391,901,20.235295394776088,19.235295394776088,"(107, 242)",284,901,5.894060030697644,4.894060030697644,"(107, 242)",284,1,0,1.0,1,901,5.894060030697644,1,0.8313008130081301,1,0.0,901,3.023358872967304,0.0,4.942422636268585,535,0.011068381197688482,0.0,4.942422636268585,v4,holm,014d59a0d7b143ba
phi_060,"monodisperse, low-kappa filler",SiO2,epoxy,untreated,1,0.6000000000000005,5.471111111111111,3454,0.7127967573827446,2462,992,0,0.00017864638242181085,1.0,0.701412909439408,0.9999999999999999,901,1.0,0.0,"(92, 237)",446,901,20.221044214915924,19.221044214915924,"(23, 792)",1068,901,5.893553465391158,4.893553465391158,"(23, 792)",1068,1,0,1.0,1,901,5.893553465391158,1,0.8220424671385238,1,0.0,901,3.031199478538653,0.0,4.954103453092843,587,0.011074838058850336,0.0,4.954103453092843,v4,holm,014d59a0d7b143ba
phi_060,"monodisperse, high-kappa matrix with surface treatment",AlN,high_k_resin,treated,0,0.6000000000000005,5.651111111111111,3514,0.7236767216846898,2543,971,0,0.0061977648065774035,1.0,0.6901803568535431,0.9999999999999999,901,1.0,0.0,"(58, 538)",1253,901,20.235295394776088,19.235295394776088,"(107, 242)",152,901,4.156675229355844,3.1566752293558444,"(107, 242)",152,1,0,1.0,1,901,4.156675229355844,1,0.8313008130081301,1,0.0,901,3.1141193170930097,0.0,3.66699379886199,535,0.06611193913360047,0.0,3.66699379886199,v4,holm,014d59a0d7b143ba
phi_060,"monodisperse, high-kappa matrix with surface treatment",AlN,high_k_resin,treated,1,0.6000000000000005,5.471111111111111,3454,0.7127967573827446,2462,992,0,0.006195884963793796,1.0,0.701412909439408,0.9999999999999999,901,1.0,0.0,"(92, 237)",600,901,20.221044214915924,19.221044214915924,"(23, 792)",807,901,4.153742588409214,3.1537425884092145,"(23, 792)",807,1,0,1.0,1,901,4.153742588409214,1,0.8220424671385238,1,0.0,901,3.145033305566454,0.0,3.8860904093279167,587,0.06793285174582103,0.0,3.8860904093279167,v4,holm,014d59a0d7b143ba
